<?xml version="1.0" encoding="UTF-8"?>
<!DOCTYPE suite SYSTEM "http://testng.org/testng-1.0.dtd">
<suite name="Suite">
  <test thread-count="5" name="Test">
    <classes>
      <class name="Automationtest.phptravelsproject.testcase1"/>
      <class name="Automationtest.phptravelsproject.testcase2"/>
      <class name="Automationtest.phptravelsproject.testcase4"/> 
      <class name="Automationtest.phptravelsproject.testcase3"/>    
    </classes>
  </test> <!-- Test -->
</suite> <!-- Suite -->
